index,article,name,brand,model,own_price,category,supplier,old_price,discount
6,86ud4h,Тумба ТВ МГ-1 Компанит ольха,Компанит,,,,,,
8,No296GA,Уличный фонарь Norlys Halmstad 296GA,Norlys,,,,,,
38,65384,Шорты Bad Boy Fuzion Bad Boy S Черно-синий (06339027),Bad Boy,,,,,,
43,506067,"Подставка с крышкой для торта One Chef акриловая 38,9×32 см",One Chef,,,,,,
45,4040140172,Бутсы футбольные OWAXX 180916 43 Красный (57429083),OWAXX,,,,,,
48,23-996,Люстра Brille 10W Золотистый,Brille,,,,,,
79,2687118155,Мотокуртка с защитой 3908 Nerve XXL Черный (60459011),NERVE,,,,,,
113,175-31_XL,Модульная картина на холсте KIL Art триптих Свободный конь 156x100 см (175-31),KIL Art,,,,,,
129,49_xl,Картина KIL Art Винил 122x81 см (49),KIL Art,,,,,3481.8,
166,162SW21СBLS,Купальник закрытый с чашками Perfect Female beach comfort S Черный (162SW/21С/BL),Perfect Female,,,,,1700.0,
178,13933-89760,"Штатная магнитола Lesko Mitsubishi Pajero Sport III ver 2 2015-2019 9"" 6/128Gb 4G Wi-Fi GPS Top (13933-89760)",Lesko,,,,,18199.0,
181,2000000002279,Солнцезащитные очки женские LuckyLOOK Китти Серый (002-279),LuckyLOOK,,,,,,
184,1009153,Шкаф-купе трехдверный Mebel Star Комбо BG 240х60х210 см Аляска серый (MBS-9164) (1009153),Mebel Star,,,,,,
